LiPF6浓度 mol/kg,离子电导率 mS/cm
0.45676,5.8854
0.62359,7.09589
0.76896,7.83612
0.91702,8.3238
1.1139,8.67214
1.40304,8.68956
1.59562,8.37605
