LiPF6浓度 mol/kg,离子电导率 mS/cm
0.45568,5.12776
0.62359,6.13795
0.77004,6.72143
0.91702,7.11331
1.1139,7.36586
1.40572,7.2091
1.59401,6.9043
